106;2023-11-15 10:44:49;5;nrf5340;raspi;0;1217;1508;1515;0;MI
107;2023-11-15 10:44:49;5;nrf5340;raspi;0;1215;1506;1510;0;MI
108;2023-11-15 10:44:50;5;nrf5340;raspi;0;1216;1518;1520;0;MI
109;2023-11-15 10:44:50;5;nrf5340;raspi;0;1215;1516;1515;0;MI
110;2023-11-15 10:44:51;5;nrf5340;raspi;0;1215;1515;1510;0;MI
111;2023-11-15 10:44:52;5;nrf5340;raspi;0;1216;1518;1515;0;MI
112;2023-11-15 10:44:52;5;nrf5340;raspi;0;1216;1503;1502;0;MI
113;2023-11-15 10:44:53;5;nrf5340;raspi;0;1211;1503;1525;0;MI
114;2023-11-15 10:44:53;5;nrf5340;raspi;0;1208;1510;1520;0;MI
115;2023-11-15 10:44:54;5;nrf5340;raspi;0;1219;1517;1513;0;MI
116;2023-11-15 10:44:54;5;nrf5340;raspi;0;1223;1511;1511;0;MI
117;2023-11-15 10:44:55;5;nrf5340;raspi;0;1216;1502;1512;0;MI
118;2023-11-15 10:44:55;5;nrf5340;raspi;0;1215;1516;1509;0;MI
119;2023-11-15 10:44:56;5;nrf5340;raspi;0;1219;1513;1508;0;MI
120;2023-11-15 10:44:56;5;nrf5340;raspi;0;1212;1510;1516;0;MI
121;2023-11-15 10:44:57;5;nrf5340;raspi;0;1216;1508;1509;0;MI
122;2023-11-15 10:44:58;5;nrf5340;raspi;0;1210;1516;1517;0;MI
123;2023-11-15 10:44:58;5;nrf5340;raspi;0;1215;1526;1509;0;MI
124;2023-11-15 10:44:59;5;nrf5340;raspi;0;1223;1515;1521;0;MI
125;2023-11-15 10:46:01;5;nrf5340;raspi;1;1814;1488;1529;0;MI
126;2023-11-15 10:46:01;5;nrf5340;raspi;1;1814;1490;1528;0;MI
127;2023-11-15 10:46:02;5;nrf5340;raspi;1;1807;1483;1533;0;MI
128;2023-11-15 10:46:02;5;nrf5340;raspi;1;1806;1487;1528;0;MI
129;2023-11-15 10:46:03;5;nrf5340;raspi;1;1810;1487;1525;0;MI
130;2023-11-15 10:46:03;5;nrf5340;raspi;1;1811;1490;1531;0;MI
131;2023-11-15 10:46:04;5;nrf5340;raspi;1;1812;1494;1524;0;MI
132;2023-11-15 10:46:04;5;nrf5340;raspi;1;1809;1493;1530;0;MI
133;2023-11-15 10:46:05;5;nrf5340;raspi;1;1804;1487;1525;0;MI
134;2023-11-15 10:46:05;5;nrf5340;raspi;1;1812;1491;1533;0;MI
135;2023-11-15 10:46:06;5;nrf5340;raspi;1;1808;1487;1526;0;MI
136;2023-11-15 10:46:07;5;nrf5340;raspi;1;1806;1482;1530;0;MI
137;2023-11-15 10:46:07;5;nrf5340;raspi;1;1809;1487;1524;0;MI
138;2023-11-15 10:46:08;5;nrf5340;raspi;1;1817;1490;1523;0;MI
139;2023-11-15 10:46:08;5;nrf5340;raspi;1;1812;1481;1524;0;MI
140;2023-11-15 10:46:09;5;nrf5340;raspi;1;1809;1487;1528;0;MI
141;2023-11-15 10:46:09;5;nrf5340;raspi;1;1814;1487;1531;0;MI
142;2023-11-15 10:46:10;5;nrf5340;raspi;1;1802;1490;1529;0;MI
143;2023-11-15 10:46:10;5;nrf5340;raspi;1;1813;1487;1517;0;MI
144;2023-11-15 10:46:49;5;nrf5340;raspi;2;1493;1197;1526;0;MI
145;2023-11-15 10:46:49;5;nrf5340;raspi;2;1490;1194;1514;0;MI
146;2023-11-15 10:46:50;5;nrf5340;raspi;2;1489;1202;1522;0;MI
147;2023-11-15 10:46:50;5;nrf5340;raspi;2;1496;1199;1526;0;MI
148;2023-11-15 10:46:51;5;nrf5340;raspi;2;1489;1203;1529;0;MI
149;2023-11-15 10:46:52;5;nrf5340;raspi;2;1488;1194;1510;0;MI
150;2023-11-15 10:46:52;5;nrf5340;raspi;2;1487;1198;1515;0;MI
151;2023-11-15 10:46:53;5;nrf5340;raspi;2;1489;1194;1516;0;MI
152;2023-11-15 10:46:53;5;nrf5340;raspi;2;1501;1197;1527;0;MI
153;2023-11-15 10:46:54;5;nrf5340;raspi;2;1485;1205;1518;0;MI
154;2023-11-15 10:46:54;5;nrf5340;raspi;2;1490;1194;1514;0;MI
155;2023-11-15 10:46:55;5;nrf5340;raspi;2;1497;1197;1518;0;MI
156;2023-11-15 10:46:55;5;nrf5340;raspi;2;1499;1202;1527;0;MI
157;2023-11-15 10:46:56;5;nrf5340;raspi;2;1498;1198;1526;0;MI
158;2023-11-15 10:46:56;5;nrf5340;raspi;2;1494;1193;1518;0;MI
159;2023-11-15 10:46:57;5;nrf5340;raspi;2;1490;1192;1523;0;MI
160;2023-11-15 10:46:57;5;nrf5340;raspi;2;1497;1199;1524;0;MI
161;2023-11-15 10:46:58;5;nrf5340;raspi;2;1493;1199;1524;0;MI
162;2023-11-15 10:46:59;5;nrf5340;raspi;2;1504;1195;1530;0;MI
163;2023-11-15 10:47:31;5;nrf5340;raspi;3;1517;1795;1546;0;MI
164;2023-11-15 10:47:31;5;nrf5340;raspi;3;1517;1791;1545;0;MI
165;2023-11-15 10:47:32;5;nrf5340;raspi;3;1512;1791;1543;0;MI
166;2023-11-15 10:47:32;5;nrf5340;raspi;3;1524;1797;1548;0;MI
167;2023-11-15 10:47:33;5;nrf5340;raspi;3;1516;1801;1539;0;MI
168;2023-11-15 10:47:33;5;nrf5340;raspi;3;1515;1795;1539;0;MI
169;2023-11-15 10:47:34;5;nrf5340;raspi;3;1524;1796;1547;0;MI
170;2023-11-15 10:47:34;5;nrf5340;raspi;3;1509;1788;1548;0;MI
171;2023-11-15 10:47:35;5;nrf5340;raspi;3;1518;1796;1545;0;MI
172;2023-11-15 10:47:35;5;nrf5340;raspi;3;1514;1798;1547;0;MI
173;2023-11-15 10:47:36;5;nrf5340;raspi;3;1517;1803;1545;0;MI
174;2023-11-15 10:47:36;5;nrf5340;raspi;3;1520;1799;1542;0;MI
175;2023-11-15 10:47:37;5;nrf5340;raspi;3;1521;1796;1545;0;MI
176;2023-11-15 10:47:38;5;nrf5340;raspi;3;1512;1798;1537;0;MI
177;2023-11-15 10:47:38;5;nrf5340;raspi;3;1524;1794;1545;0;MI
178;2023-11-15 10:47:39;5;nrf5340;raspi;3;1520;1800;1549;0;MI
179;2023-11-15 10:47:39;5;nrf5340;raspi;3;1519;1798;1544;0;MI
180;2023-11-15 10:47:40;5;nrf5340;raspi;3;1514;1798;1542;0;MI
181;2023-11-15 10:48:36;5;nrf5340;raspi;4;1518;1500;1222;0;MI
182;2023-11-15 10:48:37;5;nrf5340;raspi;4;1524;1513;1226;0;MI
183;2023-11-15 10:48:37;5;nrf5340;raspi;4;1519;1504;1232;0;MI
184;2023-11-15 10:48:38;5;nrf5340;raspi;4;1522;1508;1228;0;MI
185;2023-11-15 10:48:38;5;nrf5340;raspi;4;1523;1511;1228;0;MI
186;2023-11-15 10:48:39;5;nrf5340;raspi;4;1519;1511;1235;0;MI
187;2023-11-15 10:48:40;5;nrf5340;raspi;4;1520;1509;1224;0;MI
188;2023-11-15 10:48:40;5;nrf5340;raspi;4;1524;1501;1220;0;MI
189;2023-11-15 10:48:41;5;nrf5340;raspi;4;1525;1509;1227;0;MI
190;2023-11-15 10:48:41;5;nrf5340;raspi;4;1518;1507;1226;0;MI
191;2023-11-15 10:48:42;5;nrf5340;raspi;4;1520;1511;1226;0;MI
192;2023-11-15 10:48:42;5;nrf5340;raspi;4;1518;1509;1226;0;MI
193;2023-11-15 10:48:43;5;nrf5340;raspi;4;1520;1508;1228;0;MI
194;2023-11-15 10:48:43;5;nrf5340;raspi;4;1516;1504;1230;0;MI
195;2023-11-15 10:48:44;5;nrf5340;raspi;4;1521;1506;1230;0;MI
196;2023-11-15 10:48:44;5;nrf5340;raspi;4;1525;1503;1226;0;MI
197;2023-11-15 10:48:45;5;nrf5340;raspi;4;1519;1513;1229;0;MI
198;2023-11-15 10:48:45;5;nrf5340;raspi;4;1512;1509;1227;0;MI
199;2023-11-15 10:48:46;5;nrf5340;raspi;4;1516;1509;1220;0;MI
200;2023-11-15 10:49:16;5;nrf5340;raspi;5;1503;1487;1835;0;MI
201;2023-11-15 10:49:17;5;nrf5340;raspi;5;1502;1487;1830;0;MI
202;2023-11-15 10:49:18;5;nrf5340;raspi;5;1500;1485;1833;0;MI
203;2023-11-15 10:49:18;5;nrf5340;raspi;5;1496;1489;1832;0;MI
204;2023-11-15 10:49:19;5;nrf5340;raspi;5;1508;1482;1829;0;MI
205;2023-11-15 10:49:19;5;nrf5340;raspi;5;1504;1489;1829;0;MI
206;2023-11-15 10:49:20;5;nrf5340;raspi;5;1502;1490;1842;0;MI
207;2023-11-15 10:49:20;5;nrf5340;raspi;5;1493;1496;1836;0;MI
208;2023-11-15 10:49:21;5;nrf5340;raspi;5;1503;1485;1831;0;MI
209;2023-11-15 10:49:21;5;nrf5340;raspi;5;1498;1489;1838;0;MI
210;2023-11-15 10:49:22;5;nrf5340;raspi;5;1505;1489;1837;0;MI
211;2023-11-15 10:49:22;5;nrf5340;raspi;5;1498;1491;1835;0;MI
212;2023-11-15 10:49:23;5;nrf5340;raspi;5;1503;1488;1830;0;MI
213;2023-11-15 10:49:23;5;nrf5340;raspi;5;1498;1486;1834;0;MI
214;2023-11-15 10:49:24;5;nrf5340;raspi;5;1504;1492;1832;0;MI
215;2023-11-15 10:49:25;5;nrf5340;raspi;5;1505;1495;1830;0;MI
216;2023-11-15 10:49:25;5;nrf5340;raspi;5;1503;1494;1836;0;MI
217;2023-11-15 10:49:26;5;nrf5340;raspi;5;1502;1487;1827;0;MI
218;2023-11-15 10:49:26;5;nrf5340;raspi;5;1502;1494;1827;0;MI
702;2023-11-17 09:27:07;5;nrf5340;raspi;0;1470;1490;1802;0;MI/MA
703;2023-11-17 09:27:07;5;nrf5340;raspi;0;1468;1492;1802;0;MI/MA
704;2023-11-17 09:27:08;5;nrf5340;raspi;0;1476;1486;1803;0;MI/MA
705;2023-11-17 09:27:08;5;nrf5340;raspi;0;1471;1490;1806;0;MI/MA
706;2023-11-17 09:27:09;5;nrf5340;raspi;0;1473;1489;1807;0;MI/MA
707;2023-11-17 09:27:09;5;nrf5340;raspi;0;1472;1489;1802;0;MI/MA
708;2023-11-17 09:42:07;5;nrf5340;raspi;0;1188;1456;1530;0;MI/MA
709;2023-11-17 09:42:08;5;nrf5340;raspi;0;1178;1462;1524;0;MI/MA
710;2023-11-17 09:42:08;5;nrf5340;raspi;0;1183;1455;1524;0;MI/MA
711;2023-11-17 09:42:09;5;nrf5340;raspi;0;1187;1440;1522;0;MI/MA
712;2023-11-17 09:42:09;5;nrf5340;raspi;0;1184;1456;1480;0;MI/MA
713;2023-11-17 09:42:10;5;nrf5340;raspi;0;1194;1455;1412;0;MI/MA
714;2023-11-17 09:42:10;5;nrf5340;raspi;0;1224;1480;1357;0;MI/MA
715;2023-11-17 09:42:11;5;nrf5340;raspi;0;1243;1450;1318;0;MI/MA
716;2023-11-17 09:42:11;5;nrf5340;raspi;0;1240;1468;1337;0;MI/MA
717;2023-11-17 09:42:12;5;nrf5340;raspi;0;1241;1464;1321;0;MI/MA
718;2023-11-17 09:42:13;5;nrf5340;raspi;0;1243;1471;1328;0;MI/MA
719;2023-11-17 09:42:13;5;nrf5340;raspi;0;1262;1461;1307;0;MI/MA
720;2023-11-17 09:42:14;5;nrf5340;raspi;0;1267;1459;1293;0;MI/MA
721;2023-11-17 09:42:14;5;nrf5340;raspi;0;1278;1440;1276;0;MI/MA
722;2023-11-17 09:42:15;5;nrf5340;raspi;0;1265;1466;1294;0;MI/MA
723;2023-11-17 09:42:15;5;nrf5340;raspi;0;1230;1457;1335;0;MI/MA
724;2023-11-17 09:42:16;5;nrf5340;raspi;0;1184;1473;1462;0;MI/MA
725;2023-11-17 09:42:16;5;nrf5340;raspi;0;1194;1447;1501;0;MI/MA
726;2023-11-17 09:42:17;5;nrf5340;raspi;0;1191;1494;1576;0;MI/MA
727;2023-11-17 09:42:17;5;nrf5340;raspi;0;1197;1483;1585;0;MI/MA
728;2023-11-17 09:42:18;5;nrf5340;raspi;0;1207;1471;1604;0;MI/MA
729;2023-11-17 09:42:18;5;nrf5340;raspi;0;1225;1512;1612;0;MI/MA
730;2023-11-17 09:42:19;5;nrf5340;raspi;0;1251;1507;1714;0;MI/MA
731;2023-11-17 09:42:19;5;nrf5340;raspi;0;1266;1545;1697;0;MI/MA
732;2023-11-17 09:42:20;5;nrf5340;raspi;0;1269;1515;1707;0;MI/MA
733;2023-11-17 09:42:21;5;nrf5340;raspi;0;1268;1508;1697;0;MI/MA
734;2023-11-17 09:42:21;5;nrf5340;raspi;0;1267;1511;1711;0;MI/MA
735;2023-11-17 09:42:22;5;nrf5340;raspi;0;1269;1504;1710;0;MI/MA
736;2023-11-17 09:42:22;5;nrf5340;raspi;0;1274;1497;1729;0;MI/MA
737;2023-11-17 09:42:23;5;nrf5340;raspi;0;1236;1498;1685;0;MI/MA
738;2023-11-17 09:42:23;5;nrf5340;raspi;0;1210;1457;1598;0;MI/MA
739;2023-11-17 09:42:24;5;nrf5340;raspi;0;1188;1459;1544;0;MI/MA
740;2023-11-17 09:42:24;5;nrf5340;raspi;0;1189;1452;1528;0;MI/MA
741;2023-11-17 09:42:25;5;nrf5340;raspi;0;1196;1435;1525;0;MI/MA
742;2023-11-17 09:42:25;5;nrf5340;raspi;0;1212;1563;1489;0;MI/MA
743;2023-11-17 09:42:26;5;nrf5340;raspi;0;1229;1614;1486;0;MI/MA
744;2023-11-17 09:42:26;5;nrf5340;raspi;0;1251;1656;1497;0;MI/MA
745;2023-11-17 09:44:35;5;nrf5340;raspi;1;1777;1474;1487;0;MI/MA
746;2023-11-17 09:44:35;5;nrf5340;raspi;1;1773;1468;1484;0;MI/MA
747;2023-11-17 09:44:36;5;nrf5340;raspi;1;1753;1476;1473;0;MI/MA
748;2023-11-17 09:44:36;5;nrf5340;raspi;1;1733;1481;1411;0;MI/MA
749;2023-11-17 09:44:37;5;nrf5340;raspi;1;1737;1479;1335;0;MI/MA
750;2023-11-17 09:44:37;5;nrf5340;raspi;1;1718;1500;1316;0;MI/MA
751;2023-11-17 09:44:38;5;nrf5340;raspi;1;1714;1503;1317;0;MI/MA
752;2023-11-17 09:44:38;5;nrf5340;raspi;1;1715;1503;1328;0;MI/MA
753;2023-11-17 09:44:39;5;nrf5340;raspi;1;1714;1510;1329;0;MI/MA
754;2023-11-17 09:44:40;5;nrf5340;raspi;1;1713;1508;1320;0;MI/MA
755;2023-11-17 09:44:40;5;nrf5340;raspi;1;1693;1490;1297;0;MI/MA
756;2023-11-17 09:44:41;5;nrf5340;raspi;1;1685;1494;1294;0;MI/MA
757;2023-11-17 09:44:41;5;nrf5340;raspi;1;1692;1504;1295;0;MI/MA
758;2023-11-17 09:44:42;5;nrf5340;raspi;1;1687;1501;1292;0;MI/MA
759;2023-11-17 09:44:42;5;nrf5340;raspi;1;1705;1505;1315;0;MI/MA
760;2023-11-17 09:44:43;5;nrf5340;raspi;1;1734;1495;1347;0;MI/MA
761;2023-11-17 09:44:43;5;nrf5340;raspi;1;1750;1501;1369;0;MI/MA
762;2023-11-17 09:44:44;5;nrf5340;raspi;1;1767;1480;1475;0;MI/MA
763;2023-11-17 09:44:44;5;nrf5340;raspi;1;1772;1485;1491;0;MI/MA
764;2023-11-17 09:44:45;5;nrf5340;raspi;1;1774;1479;1485;0;MI/MA
765;2023-11-17 09:44:46;5;nrf5340;raspi;1;1785;1477;1490;0;MI/MA
766;2023-11-17 09:44:46;5;nrf5340;raspi;1;1778;1479;1482;0;MI/MA
767;2023-11-17 09:44:47;5;nrf5340;raspi;1;1696;1487;1716;0;MI/MA
768;2023-11-17 09:44:47;5;nrf5340;raspi;1;1655;1479;1753;0;MI/MA
769;2023-11-17 09:44:48;5;nrf5340;raspi;1;1645;1491;1768;0;MI/MA
770;2023-11-17 09:44:48;5;nrf5340;raspi;1;1648;1500;1765;0;MI/MA
771;2023-11-17 09:44:49;5;nrf5340;raspi;1;1675;1500;1753;0;MI/MA
772;2023-11-17 09:44:49;5;nrf5340;raspi;1;1698;1489;1733;0;MI/MA
773;2023-11-17 09:44:50;5;nrf5340;raspi;1;1701;1491;1701;0;MI/MA
774;2023-11-17 09:44:50;5;nrf5340;raspi;1;1723;1499;1691;0;MI/MA
775;2023-11-17 09:44:51;5;nrf5340;raspi;1;1722;1513;1680;0;MI/MA
776;2023-11-17 09:44:51;5;nrf5340;raspi;1;1721;1509;1684;0;MI/MA
777;2023-11-17 09:44:52;5;nrf5340;raspi;1;1608;1509;1767;0;MI/MA
778;2023-11-17 09:44:53;5;nrf5340;raspi;1;1664;1487;1767;0;MI/MA
779;2023-11-17 09:44:53;5;nrf5340;raspi;1;1771;1556;1642;0;MI/MA
780;2023-11-17 09:44:54;5;nrf5340;raspi;1;1784;1511;1557;0;MI/MA
781;2023-11-17 09:44:54;5;nrf5340;raspi;1;1777;1520;1564;0;MI/MA
782;2023-11-17 09:44:55;5;nrf5340;raspi;1;1771;1524;1551;0;MI/MA
783;2023-11-17 09:45:36;5;nrf5340;raspi;2;1461;1175;1501;0;MI/MA
784;2023-11-17 09:45:36;5;nrf5340;raspi;2;1464;1172;1501;0;MI/MA
785;2023-11-17 09:45:36;5;nrf5340;raspi;2;1460;1173;1497;0;MI/MA
786;2023-11-17 09:45:37;5;nrf5340;raspi;2;1466;1176;1491;0;MI/MA
787;2023-11-17 09:45:37;5;nrf5340;raspi;2;1460;1162;1509;0;MI/MA
788;2023-11-17 09:45:38;5;nrf5340;raspi;2;1455;1168;1504;0;MI/MA
789;2023-11-17 09:45:39;5;nrf5340;raspi;2;1455;1168;1513;0;MI/MA
790;2023-11-17 09:45:39;5;nrf5340;raspi;2;1407;1175;1498;0;MI/MA
791;2023-11-17 09:45:40;5;nrf5340;raspi;2;1379;1174;1507;0;MI/MA
792;2023-11-17 09:45:40;5;nrf5340;raspi;2;1374;1173;1486;0;MI/MA
793;2023-11-17 09:45:41;5;nrf5340;raspi;2;1343;1188;1502;0;MI/MA
794;2023-11-17 09:45:41;5;nrf5340;raspi;2;1335;1202;1506;0;MI/MA
795;2023-11-17 09:45:42;5;nrf5340;raspi;2;1348;1186;1488;0;MI/MA
796;2023-11-17 09:45:42;5;nrf5340;raspi;2;1342;1213;1521;0;MI/MA
797;2023-11-17 09:45:43;5;nrf5340;raspi;2;1389;1190;1504;0;MI/MA
798;2023-11-17 09:45:43;5;nrf5340;raspi;2;1419;1188;1506;0;MI/MA
799;2023-11-17 09:45:44;5;nrf5340;raspi;2;1420;1197;1518;0;MI/MA
800;2023-11-17 09:45:45;5;nrf5340;raspi;2;1422;1186;1527;0;MI/MA
801;2023-11-17 09:45:45;5;nrf5340;raspi;2;1421;1204;1520;0;MI/MA
802;2023-11-17 09:45:46;5;nrf5340;raspi;2;1480;1212;1545;0;MI/MA
803;2023-11-17 09:45:46;5;nrf5340;raspi;2;1554;1159;1482;0;MI/MA
804;2023-11-17 09:45:47;5;nrf5340;raspi;2;1537;1192;1510;0;MI/MA
805;2023-11-17 09:45:47;5;nrf5340;raspi;2;1527;1183;1510;0;MI/MA
806;2023-11-17 09:45:48;5;nrf5340;raspi;2;1524;1178;1519;0;MI/MA
807;2023-11-17 09:45:48;5;nrf5340;raspi;2;1524;1180;1515;0;MI/MA
808;2023-11-17 09:45:49;5;nrf5340;raspi;2;1521;1180;1509;0;MI/MA
809;2023-11-17 09:45:49;5;nrf5340;raspi;2;1514;1188;1529;0;MI/MA
810;2023-11-17 09:45:50;5;nrf5340;raspi;2;1380;1205;1541;0;MI/MA
811;2023-11-17 09:45:50;5;nrf5340;raspi;2;1306;1219;1523;0;MI/MA
812;2023-11-17 09:45:51;5;nrf5340;raspi;2;1307;1236;1526;0;MI/MA
813;2023-11-17 09:45:52;5;nrf5340;raspi;2;1313;1228;1520;0;MI/MA
814;2023-11-17 09:45:52;5;nrf5340;raspi;2;1310;1219;1532;0;MI/MA
815;2023-11-17 09:45:53;5;nrf5340;raspi;2;1318;1222;1536;0;MI/MA
816;2023-11-17 09:45:53;5;nrf5340;raspi;2;1306;1228;1539;0;MI/MA
817;2023-11-17 09:45:54;5;nrf5340;raspi;2;1313;1227;1527;0;MI/MA
818;2023-11-17 09:45:54;5;nrf5340;raspi;2;1353;1219;1520;0;MI/MA
819;2023-11-17 09:45:55;5;nrf5340;raspi;2;1352;1198;1525;0;MI/MA
820;2023-11-17 09:46:26;5;nrf5340;raspi;3;1473;1771;1485;0;MI/MA
821;2023-11-17 09:46:26;5;nrf5340;raspi;3;1474;1778;1468;0;MI/MA
822;2023-11-17 09:46:26;5;nrf5340;raspi;3;1466;1762;1496;0;MI/MA
823;2023-11-17 09:46:27;5;nrf5340;raspi;3;1430;1770;1501;0;MI/MA
824;2023-11-17 09:46:27;5;nrf5340;raspi;3;1355;1727;1505;0;MI/MA
825;2023-11-17 09:46:28;5;nrf5340;raspi;3;1348;1727;1532;0;MI/MA
826;2023-11-17 09:46:29;5;nrf5340;raspi;3;1344;1741;1510;0;MI/MA
827;2023-11-17 09:46:29;5;nrf5340;raspi;3;1354;1757;1495;0;MI/MA
828;2023-11-17 09:46:30;5;nrf5340;raspi;3;1346;1735;1499;0;MI/MA
829;2023-11-17 09:46:30;5;nrf5340;raspi;3;1348;1728;1508;0;MI/MA
830;2023-11-17 09:46:31;5;nrf5340;raspi;3;1342;1732;1513;0;MI/MA
831;2023-11-17 09:46:31;5;nrf5340;raspi;3;1342;1749;1510;0;MI/MA
832;2023-11-17 09:46:32;5;nrf5340;raspi;3;1348;1738;1508;0;MI/MA
833;2023-11-17 09:46:32;5;nrf5340;raspi;3;1340;1735;1512;0;MI/MA
834;2023-11-17 09:46:33;5;nrf5340;raspi;3;1338;1728;1509;0;MI/MA
835;2023-11-17 09:46:33;5;nrf5340;raspi;3;1405;1782;1515;0;MI/MA
836;2023-11-17 09:46:34;5;nrf5340;raspi;3;1436;1766;1502;0;MI/MA
837;2023-11-17 09:46:34;5;nrf5340;raspi;3;1480;1812;1512;0;MI/MA
838;2023-11-17 09:46:35;5;nrf5340;raspi;3;1464;1770;1491;0;MI/MA
839;2023-11-17 09:46:36;5;nrf5340;raspi;3;1466;1767;1483;0;MI/MA
840;2023-11-17 09:46:36;5;nrf5340;raspi;3;1463;1770;1480;0;MI/MA
841;2023-11-17 09:46:37;5;nrf5340;raspi;3;1461;1763;1480;0;MI/MA
842;2023-11-17 09:46:37;5;nrf5340;raspi;3;1462;1774;1484;0;MI/MA
843;2023-11-17 09:46:38;5;nrf5340;raspi;3;1462;1772;1498;0;MI/MA
844;2023-11-17 09:46:38;5;nrf5340;raspi;3;1461;1770;1476;0;MI/MA
845;2023-11-17 09:46:39;5;nrf5340;raspi;3;1454;1775;1475;0;MI/MA
846;2023-11-17 09:46:39;5;nrf5340;raspi;3;1464;1772;1484;0;MI/MA
847;2023-11-17 09:46:40;5;nrf5340;raspi;3;1462;1774;1487;0;MI/MA
848;2023-11-17 09:46:40;5;nrf5340;raspi;3;1479;1756;1507;0;MI/MA
849;2023-11-17 09:46:41;5;nrf5340;raspi;3;1571;1783;1515;0;MI/MA
850;2023-11-17 09:46:41;5;nrf5340;raspi;3;1563;1749;1493;0;MI/MA
851;2023-11-17 09:46:42;5;nrf5340;raspi;3;1560;1781;1463;0;MI/MA
852;2023-11-17 09:46:43;5;nrf5340;raspi;3;1555;1755;1479;0;MI/MA
853;2023-11-17 09:46:43;5;nrf5340;raspi;3;1553;1768;1466;0;MI/MA
854;2023-11-17 09:46:44;5;nrf5340;raspi;3;1552;1758;1470;0;MI/MA
855;2023-11-17 09:46:44;5;nrf5340;raspi;3;1552;1763;1469;0;MI/MA
856;2023-11-17 09:46:45;5;nrf5340;raspi;3;1546;1759;1453;0;MI/MA
857;2023-11-17 09:48:40;5;nrf5340;raspi;4;1472;1467;1209;0;MI/MA
858;2023-11-17 09:48:40;5;nrf5340;raspi;4;1465;1463;1200;0;MI/MA
859;2023-11-17 09:48:40;5;nrf5340;raspi;4;1470;1463;1213;0;MI/MA
860;2023-11-17 09:48:41;5;nrf5340;raspi;4;1465;1460;1205;0;MI/MA
861;2023-11-17 09:48:41;5;nrf5340;raspi;4;1468;1462;1200;0;MI/MA
862;2023-11-17 09:48:42;5;nrf5340;raspi;4;1469;1464;1206;0;MI/MA
863;2023-11-17 09:48:42;5;nrf5340;raspi;4;1440;1438;1205;0;MI/MA
864;2023-11-17 09:48:43;5;nrf5340;raspi;4;1428;1471;1215;0;MI/MA
865;2023-11-17 09:48:44;5;nrf5340;raspi;4;1418;1458;1204;0;MI/MA
866;2023-11-17 09:48:44;5;nrf5340;raspi;4;1436;1463;1209;0;MI/MA
867;2023-11-17 09:48:45;5;nrf5340;raspi;4;1430;1466;1204;0;MI/MA
868;2023-11-17 09:48:45;5;nrf5340;raspi;4;1430;1464;1201;0;MI/MA
869;2023-11-17 09:48:46;5;nrf5340;raspi;4;1415;1484;1205;0;MI/MA
870;2023-11-17 09:48:46;5;nrf5340;raspi;4;1370;1461;1219;0;MI/MA
871;2023-11-17 09:48:47;5;nrf5340;raspi;4;1387;1479;1222;0;MI/MA
872;2023-11-17 09:48:47;5;nrf5340;raspi;4;1382;1473;1222;0;MI/MA
873;2023-11-17 09:48:48;5;nrf5340;raspi;4;1384;1472;1220;0;MI/MA
874;2023-11-17 09:48:48;5;nrf5340;raspi;4;1399;1468;1248;0;MI/MA
875;2023-11-17 09:48:49;5;nrf5340;raspi;4;1474;1464;1189;0;MI/MA
876;2023-11-17 09:48:49;5;nrf5340;raspi;4;1462;1450;1198;0;MI/MA
877;2023-11-17 09:48:50;5;nrf5340;raspi;4;1456;1444;1197;0;MI/MA
878;2023-11-17 09:48:50;5;nrf5340;raspi;4;1466;1447;1186;0;MI/MA
879;2023-11-17 09:48:51;5;nrf5340;raspi;4;1573;1457;1233;0;MI/MA
880;2023-11-17 09:48:52;5;nrf5340;raspi;4;1617;1454;1255;0;MI/MA
881;2023-11-17 09:48:52;5;nrf5340;raspi;4;1613;1462;1240;0;MI/MA
882;2023-11-17 09:48:53;5;nrf5340;raspi;4;1610;1470;1227;0;MI/MA
883;2023-11-17 09:48:53;5;nrf5340;raspi;4;1603;1470;1204;0;MI/MA
884;2023-11-17 09:48:54;5;nrf5340;raspi;4;1547;1440;1232;0;MI/MA
885;2023-11-17 09:48:54;5;nrf5340;raspi;4;1500;1487;1239;0;MI/MA
886;2023-11-17 09:48:55;5;nrf5340;raspi;4;1464;1480;1204;0;MI/MA
887;2023-11-17 09:48:55;5;nrf5340;raspi;4;1462;1460;1212;0;MI/MA
888;2023-11-17 09:48:56;5;nrf5340;raspi;4;1458;1450;1209;0;MI/MA
889;2023-11-17 09:48:57;5;nrf5340;raspi;4;1457;1453;1210;0;MI/MA
890;2023-11-17 09:48:57;5;nrf5340;raspi;4;1458;1444;1204;0;MI/MA
891;2023-11-17 09:48:58;5;nrf5340;raspi;4;1458;1438;1204;0;MI/MA
892;2023-11-17 09:48:58;5;nrf5340;raspi;4;1458;1445;1224;0;MI/MA
893;2023-11-17 09:48:59;5;nrf5340;raspi;4;1458;1448;1204;0;MI/MA
894;2023-11-17 09:49:22;5;nrf5340;raspi;5;1465;1497;1800;0;MI/MA
895;2023-11-17 09:49:22;5;nrf5340;raspi;5;1473;1484;1816;0;MI/MA
896;2023-11-17 09:49:23;5;nrf5340;raspi;5;1467;1499;1819;0;MI/MA
897;2023-11-17 09:49:23;5;nrf5340;raspi;5;1469;1482;1815;0;MI/MA
898;2023-11-17 09:49:24;5;nrf5340;raspi;5;1466;1486;1809;0;MI/MA
899;2023-11-17 09:49:24;5;nrf5340;raspi;5;1473;1493;1821;0;MI/MA
900;2023-11-17 09:49:25;5;nrf5340;raspi;5;1475;1517;1817;0;MI/MA
901;2023-11-17 09:49:25;5;nrf5340;raspi;5;1434;1421;1849;0;MI/MA
902;2023-11-17 09:49:26;5;nrf5340;raspi;5;1487;1487;1814;0;MI/MA
903;2023-11-17 09:49:26;5;nrf5340;raspi;5;1444;1487;1785;0;MI/MA
904;2023-11-17 09:49:27;5;nrf5340;raspi;5;1434;1458;1799;0;MI/MA
905;2023-11-17 09:49:28;5;nrf5340;raspi;5;1429;1482;1807;0;MI/MA
906;2023-11-17 09:49:28;5;nrf5340;raspi;5;1391;1440;1798;0;MI/MA
907;2023-11-17 09:49:29;5;nrf5340;raspi;5;1417;1488;1809;0;MI/MA
908;2023-11-17 09:49:29;5;nrf5340;raspi;5;1408;1493;1805;0;MI/MA
909;2023-11-17 09:49:30;5;nrf5340;raspi;5;1399;1453;1802;0;MI/MA
910;2023-11-17 09:49:30;5;nrf5340;raspi;5;1401;1475;1801;0;MI/MA
911;2023-11-17 09:49:31;5;nrf5340;raspi;5;1422;1507;1802;0;MI/MA
912;2023-11-17 09:49:31;5;nrf5340;raspi;5;1410;1498;1804;0;MI/MA
913;2023-11-17 09:49:32;5;nrf5340;raspi;5;1415;1503;1795;0;MI/MA
914;2023-11-17 09:49:32;5;nrf5340;raspi;5;1398;1482;1806;0;MI/MA
915;2023-11-17 09:49:33;5;nrf5340;raspi;5;1387;1477;1800;0;MI/MA
916;2023-11-17 09:49:33;5;nrf5340;raspi;5;1367;1459;1761;0;MI/MA
917;2023-11-17 09:49:34;5;nrf5340;raspi;5;1395;1482;1767;0;MI/MA
918;2023-11-17 09:49:35;5;nrf5340;raspi;5;1389;1476;1801;0;MI/MA
919;2023-11-17 09:49:35;5;nrf5340;raspi;5;1408;1498;1791;0;MI/MA
920;2023-11-17 09:49:36;5;nrf5340;raspi;5;1380;1479;1786;0;MI/MA
921;2023-11-17 09:49:36;5;nrf5340;raspi;5;1436;1509;1803;0;MI/MA
922;2023-11-17 09:49:37;5;nrf5340;raspi;5;1538;1483;1763;0;MI/MA
923;2023-11-17 09:49:37;5;nrf5340;raspi;5;1596;1468;1786;0;MI/MA
924;2023-11-17 09:49:38;5;nrf5340;raspi;5;1596;1481;1815;0;MI/MA
925;2023-11-17 09:49:38;5;nrf5340;raspi;5;1506;1508;1788;0;MI/MA
926;2023-11-17 09:49:39;5;nrf5340;raspi;5;1500;1519;1804;0;MI/MA
927;2023-11-17 09:49:39;5;nrf5340;raspi;5;1500;1476;1825;0;MI/MA
928;2023-11-17 09:49:40;5;nrf5340;raspi;5;1494;1488;1809;0;MI/MA
929;2023-11-17 09:49:41;5;nrf5340;raspi;5;1560;1491;1782;0;MI/MA
930;2023-11-17 09:49:41;5;nrf5340;raspi;5;1550;1471;1788;0;MI/MA

